{
  "mean": [0.9628916382789612, 0.9640044569969177, 0.9626953601837158],
  "std": [0.16037128865718842, 0.15775758028030396, 0.15985246002674103],
  "n_imgs": 1000,
  "imgs_size": 512
}