{
  "mean": [0.9531239867210388, 0.9524800777435303, 0.9531603455543518],
  "std": [0.16827817261219025, 0.16883736848831177, 0.16667258739471436],
  "n_imgs": 1000,
  "imgs_size": 512
  }